,name,dis_rmsd,cry_disrmsd,lost_pairs
0,8ca2_5j8z_ligand_5,6.486995148395975,4.246550397374923,192
1,8ca2_6g3q_ligand_2,5.355236782992864,4.154865006929401,126
2,8ca2_5e2r_ligand_6,5.938248963417149,4.235857062244276,183
3,8ca2_6g3q_ligand_9,5.534286938683215,4.154865006929401,126
4,8ca2_6equ_ligand_8,2.5404028667907794,4.263290366344742,223
5,8ca2_5e2r_ligand_2,5.435524133783355,4.235857062244276,183
6,8ca2_5e2r_ligand_5,5.211893762045751,4.235857062244276,183
7,8ca2_5e2r_ligand_8,5.423279519992996,4.235857062244276,183
8,8ca2_6equ_ligand_4,3.1236991367362457,4.263290366344742,223
9,8ca2_6equ_ligand_6,2.985482977504628,4.263290366344742,223
10,8ca2_6equ_ligand_3,2.6498535340369056,4.263290366344742,223
11,8ca2_6equ_ligand_5,2.89209274825307,4.263290366344742,223
12,8ca2_6g3q_ligand_8,5.4769078028507785,4.154865006929401,126
13,8ca2_5j8z_ligand_2,4.986456921896525,4.246550397374923,192
14,8ca2_6g3q_ligand_4,5.637970435918969,4.154865006929401,126
15,8ca2_6g3q_ligand_3,5.656360916305992,4.154865006929401,126
16,8ca2_6equ_ligand_7,2.56066138703035,4.263290366344742,223
17,8ca2_5j8z_ligand_9,5.056201923512068,4.246550397374923,192
18,8ca2_5j8z_ligand_6,6.041334839968756,4.246550397374923,192
19,8ca2_6equ_ligand_2,2.57908681837287,4.263290366344742,223
20,8ca2_6g3q_ligand_6,5.464168299430035,4.154865006929401,126
21,8ca2_6equ_ligand_1,2.2532608129640157,4.263290366344742,223
22,8ca2_6g3q_ligand_5,5.375319819384074,4.154865006929401,126
23,8ca2_5e2r_ligand_7,5.213335108665736,4.235857062244276,183
24,8ca2_5j8z_ligand_1,5.36351947625631,4.246550397374923,192
25,8ca2_5e2r_ligand_1,5.171928357451317,4.235857062244276,183
26,8ca2_5e2r_ligand_4,5.996527732937342,4.235857062244276,183
27,8ca2_6g3q_ligand_7,5.823473163667913,4.154865006929401,126
28,8ca2_5j8z_ligand_7,6.236352257798316,4.246550397374923,192
29,8ca2_5e2r_ligand_9,5.353748139699781,4.235857062244276,183
30,8ca2_6equ_ligand_9,2.372962348104628,4.263290366344742,223
31,8ca2_5e2r_ligand_3,5.069636997285473,4.235857062244276,183
32,8ca2_5j8z_ligand_3,5.445107465937912,4.246550397374923,192
33,8ca2_5j8z_ligand_4,5.770306541463318,4.246550397374923,192
34,8ca2_6g3q_ligand_1,5.4890282681205385,4.154865006929401,126
35,8ca2_5j8z_ligand_8,4.6117470388988915,4.246550397374923,192
